,key_0,vacancy_id,salary_from,salary_to,employer_id,name_hh,experience_id,specialization_id,professionalrole_id,geometry,avg_salary,flag,inn,okved,okveds,if_target_okveds
0,29,29028116,40265,63350,3127,мегафон,noExperience,"[1.172, 1.211, 1.295, 1.82, 25.381, 25.386]",121,POINT (347354.22918669216 6647688.249740892),51808,True,7812014560,61.10,"['46.51.2', '46.90', '61.20', '62.01', '62.02', '62.03', '62.09', '63.11', '63.11.1', '63.99.1', '69.10', '69.20', '70.22', '71.12.5', '71.12.51', '71.12.53', '71.12.54', '71.12.55', '72.19', '74.90.5', '61.10']",True
1,71,31460069,90000,134270,2061860,panoramik,between1And3,"[1.475, 3.26, 1.221, 1.25]",96,POINT (346680.5872640893 6648579.436956357),112135,True,9719002099,25.11,"['25.61', '25.62', '25.99', '41.20', '43.39', '43.99.5', '46.73.6', '46.90', '47.52.7', '47.52.73', '47.99', '49.41', '49.42', '71.11.1', '72.19', '77.32', '25.11']",True
2,174,33608231,90000,115000,1795976,университет итмо,between1And3,"[1.221, 14.91]",10,POINT (348986.42976443644 6648116.217735379),102500,True,7813045547,85.22,"['41.20', '58.13', '58.14', '61.10.4', '61.10.9', '62.09', '71.1', '71.12.5', '71.12.6', '72.19', '72.20', '82.30', '85.21', '85.23', '85.41.9', '91.02', '85.22']",True
3,177,33636277,100000,155000,2061860,panoramik,between1And3,"[1.475, 1.221]",96,POINT (346680.5872640893 6648579.436956357),127500,True,9719002099,25.11,"['25.61', '25.62', '25.99', '41.20', '43.39', '43.99.5', '46.73.6', '46.90', '47.52.7', '47.52.73', '47.99', '49.41', '49.42', '71.11.1', '72.19', '77.32', '25.11']",True
4,274,34076378,65250,120000,1795976,университет итмо,between1And3,"[1.27, 1.221, 14.91]",96,POINT (348907.51617066195 6648299.835956305),92625,True,7813045547,85.22,"['41.20', '58.13', '58.14', '61.10.4', '61.10.9', '62.09', '71.1', '71.12.5', '71.12.6', '72.19', '72.20', '82.30', '85.21', '85.23', '85.41.9', '91.02', '85.22']",True
5,275,34076417,65250,115000,1795976,университет итмо,between1And3,"[1.221, 14.91]",10,POINT (348986.42976443644 6648116.217735379),90125,True,7813045547,85.22,"['41.20', '58.13', '58.14', '61.10.4', '61.10.9', '62.09', '71.1', '71.12.5', '71.12.6', '72.19', '72.20', '82.30', '85.21', '85.23', '85.41.9', '91.02', '85.22']",True
6,429,34729472,35000,50783,1838,ventra,noExperience,"[18.174, 29.581, 29.556, 18.245, 20.49, 29.517]",85,POINT (347150.3475088052 6649356.263925704),42892,True,7709307193,70.22,"['18.12', '41.20', '43.21', '43.22', '43.29', '43.31', '43.32', '43.32.1', '43.32.2', '43.32.3', '43.33', '43.34', '43.34.1', '43.34.2', '43.39', '43.91', '43.99', '43.99.1', '43.99.2', '43.99.3', '43.99.4', '43.99.5', '43.99.6', '43.99.7', '43.99.9', '46.51.2', '47.41.2', '53.20.3', '62.01', '62.09', '63.11', '63.11.1', '64.19', '64.99', '69.10', '69.20', '71.20', '72.20', '73.11', '73.20.1', '74.30', '77.40', '78.10', '82.19', '82.92', '82.99', '85.42.9', '95.11', '70.22']",True
7,599,35441271,100000,150000,824009,220 вольт,between1And3,"[1.221, 1.1, 1.9]",96,POINT (347311.76796744857 6647646.29823463),125000,True,0264054954,46.69.5,"['22.2', '25.1', '25.29', '25.50', '25.61', '25.62', '25.93.1', '25.94', '25.99.29', '27.12', '27.32', '27.40', '33.14', '33.20', '43.21', '46.15.3', '46.18', '46.43', '46.69.9', '46.9', '47.25.2', '47.42', '47.59.9', '61.1', '95.22.1', '46.69.5']",True
8,654,35607956,35000,50783,1838,ventra,noExperience,"[18.174, 29.581, 29.556, 18.245, 20.49, 29.517]",85,POINT (347150.3475088052 6649356.263925704),42892,True,7709307193,70.22,"['18.12', '41.20', '43.21', '43.22', '43.29', '43.31', '43.32', '43.32.1', '43.32.2', '43.32.3', '43.33', '43.34', '43.34.1', '43.34.2', '43.39', '43.91', '43.99', '43.99.1', '43.99.2', '43.99.3', '43.99.4', '43.99.5', '43.99.6', '43.99.7', '43.99.9', '46.51.2', '47.41.2', '53.20.3', '62.01', '62.09', '63.11', '63.11.1', '64.19', '64.99', '69.10', '69.20', '71.20', '72.20', '73.11', '73.20.1', '74.30', '77.40', '78.10', '82.19', '82.92', '82.99', '85.42.9', '95.11', '70.22']",True
9,735,35784601,65250,87000,1795976,университет итмо,between1And3,[1.221],96,POINT (348986.42976443644 6648116.217735379),76125,True,7813045547,85.22,"['41.20', '58.13', '58.14', '61.10.4', '61.10.9', '62.09', '71.1', '71.12.5', '71.12.6', '72.19', '72.20', '82.30', '85.21', '85.23', '85.41.9', '91.02', '85.22']",True
11,902,35978761,35000,50783,1838,ventra,noExperience,"[18.174, 29.581, 29.556, 18.245, 20.49, 29.517]",49,POINT (347150.3475088052 6649356.263925704),42892,True,7709307193,70.22,"['18.12', '41.20', '43.21', '43.22', '43.29', '43.31', '43.32', '43.32.1', '43.32.2', '43.32.3', '43.33', '43.34', '43.34.1', '43.34.2', '43.39', '43.91', '43.99', '43.99.1', '43.99.2', '43.99.3', '43.99.4', '43.99.5', '43.99.6', '43.99.7', '43.99.9', '46.51.2', '47.41.2', '53.20.3', '62.01', '62.09', '63.11', '63.11.1', '64.19', '64.99', '69.10', '69.20', '71.20', '72.20', '73.11', '73.20.1', '74.30', '77.40', '78.10', '82.19', '82.92', '82.99', '85.42.9', '95.11', '70.22']",True
12,933,36007262,27000,37250,3440785,нордфил,noExperience,"[15.237, 15.389, 29.541, 29.512, 29.556, 29.588]",131,POINT (346813.78476300347 6647902.60381215),32125,True,7801319507,28.29.13,"['17.21', '17.22', '17.29', '22.21', '22.29', '25.61', '25.62', '25.99', '28.25.14', '28.29', '33.12', '33.20', '35.12', '35.14', '35.30', '36.00', '37.00', '45.20', '45.31', '45.32', '46.69', '46.90', '52.10', '68.20', '68.32', '77.33', '77.39', '81.10', '81.21', '28.29.13']",False
13,959,36023479,80000,160000,936465,агент умный полис,between1And3,"[1.395, 1.9, 1.172, 1.221]",96,POINT (347427.9447704025 6648913.752493586),120000,True,7801624934,72.19,"['62.01', '62.02', '62.09', '63.11', '63.11.1', '70.22', '73.11', '73.12', '73.20', '95.11', '72.19']",True
15,1172,36174619,104400,156600,4504791,инноскрипта интернешнл,between3And6,[1.221],96,POINT (346028.37459815585 6649880.066937548),130500,True,7841087700,62.01,"['58.29', '62.02', '62.03', '62.09', '62.01']",True
16,1492,36319145,50000,70000,1838,ventra,between3And6,"[18.81, 18.142, 18.431, 25.381, 29.552]",48,POINT (347150.3475088049 6649356.263925704),60000,True,7709307193,70.22,"['18.12', '41.20', '43.21', '43.22', '43.29', '43.31', '43.32', '43.32.1', '43.32.2', '43.32.3', '43.33', '43.34', '43.34.1', '43.34.2', '43.39', '43.91', '43.99', '43.99.1', '43.99.2', '43.99.3', '43.99.4', '43.99.5', '43.99.6', '43.99.7', '43.99.9', '46.51.2', '47.41.2', '53.20.3', '62.01', '62.09', '63.11', '63.11.1', '64.19', '64.99', '69.10', '69.20', '71.20', '72.20', '73.11', '73.20.1', '74.30', '77.40', '78.10', '82.19', '82.92', '82.99', '85.42.9', '95.11', '70.22']",True
17,1581,36340397,41125,64042,3127,мегафон,noExperience,"[1.203, 1.295, 1.82, 1.27, 1.273, 1.89]",48,POINT (347306.87182273716 6649034.3738677995),52583,True,7812014560,61.10,"['46.51.2', '46.90', '61.20', '62.01', '62.02', '62.03', '62.09', '63.11', '63.11.1', '63.99.1', '69.10', '69.20', '70.22', '71.12.5', '71.12.51', '71.12.53', '71.12.54', '71.12.55', '72.19', '74.90.5', '61.10']",True
18,1670,36369411,38267,55391,1299115,цкб «айсберг»,noExperience,"[18.568, 18.81, 18.373]",48,POINT (347111.5646121296 6646729.733867309),46829,True,7801041996,,,False
19,1918,36438977,100000,150000,824009,220 вольт,between1And3,"[1.221, 1.1, 1.9]",96,POINT (347311.76796744857 6647646.29823463),125000,True,0264054954,46.69.5,"['22.2', '25.1', '25.29', '25.50', '25.61', '25.62', '25.93.1', '25.94', '25.99.29', '27.12', '27.32', '27.40', '33.14', '33.20', '43.21', '46.15.3', '46.18', '46.43', '46.69.9', '46.9', '47.25.2', '47.42', '47.59.9', '61.1', '95.22.1', '46.69.5']",True
25,2759,36709347,50325,147900,4456185,шесть сезонов,noExperience,"[1.221, 1.9, 1.1, 1.82]",96,POINT (347158.6142555112 6648645.035627475),99112,True,7801671733,56.10,"['10.11', '10.12', '10.13', '10.13.9', '10.20', '10.31', '10.32', '10.39', '10.39.9', '10.41', '10.42', '10.51', '10.52', '10.61', '10.62', '10.71', '10.72', '10.73', '10.82', '10.83', '10.84', '10.85', '10.86', '10.89', '10.89.7', '10.89.9', '47.11', '47.81', '47.91', '47.91.2', '47.99', '47.99.1', '52.10', '53.20.32', '53.20.39', '56.10.21', '56.29.1', '68.20', '68.32.2', '70.22', '71.12.66', '73.20.2', '74.10', '77.39', '77.39.29', '81.10', '82.11', '82.30', '82.92', '90.04.2', '93.29', '93.29.3', '56.10']",True
27,2858,36742139,42500,75625,2183546,неотрейд,noExperience,"[17.572, 18.81, 18.451, 17.625]",119,POINT (346552.478012578 6646800.169720602),59062,True,7720865755,70.22,"['46.11', '46.12', '46.13', '46.14', '46.16', '46.17', '46.18', '46.52', '46.61', '46.63', '46.69', '46.71', '46.72', '46.75', '46.90', '64.99', '64.99.1', '64.99.3', '66.30.9', '68.10', '68.10.23', '68.20', '73.20', '82.99', '70.22']",False
30,3449,36905198,100000,150000,824009,220 вольт,between1And3,"[1.221, 1.1, 1.9]",96,POINT (347311.76796744857 6647646.29823463),125000,True,0264054954,46.69.5,"['22.2', '25.1', '25.29', '25.50', '25.61', '25.62', '25.93.1', '25.94', '25.99.29', '27.12', '27.32', '27.40', '33.14', '33.20', '43.21', '46.15.3', '46.18', '46.43', '46.69.9', '46.9', '47.25.2', '47.42', '47.59.9', '61.1', '95.22.1', '46.69.5']",True
32,3792,36988101,37400,46320,1363143,институт авиационного приборостроения навигатор,noExperience,"[18.13, 18.245]",48,POINT (344957.22487106884 6646892.815923921),41860,True,7801004507,72.19,"['26.30.17', '26.40', '26.51.2', '46.43.2', '46.43.3', '46.51', '46.69.2', '46.69.5', '46.69.9', '47.41', '47.42', '47.43', '47.54', '70.22', '73.11', '73.20.1', '82.99', '95.21', '95.22.1', '72.19']",True
36,4094,37060729,39175,61258,3127,мегафон,noExperience,"[1.172, 1.295, 1.82, 1.277, 1.27, 15.93]",46,POINT (347354.22918669216 6647688.249740892),50217,True,7812014560,61.10,"['46.51.2', '46.90', '61.20', '62.01', '62.02', '62.03', '62.09', '63.11', '63.11.1', '63.99.1', '69.10', '69.20', '70.22', '71.12.5', '71.12.51', '71.12.53', '71.12.54', '71.12.55', '72.19', '74.90.5', '61.10']",True
37,4267,37110340,20000,45850,3440785,нордфил,noExperience,"[15.75, 15.237, 17.751, 22.757, 22.175, 29.541]",130,POINT (346813.78476300347 6647902.60381215),32925,True,7801319507,28.29.13,"['17.21', '17.22', '17.29', '22.21', '22.29', '25.61', '25.62', '25.99', '28.25.14', '28.29', '33.12', '33.20', '35.12', '35.14', '35.30', '36.00', '37.00', '45.20', '45.31', '45.32', '46.69', '46.90', '52.10', '68.20', '68.32', '77.33', '77.39', '81.10', '81.21', '28.29.13']",False
38,4990,37319196,30000,37500,19886,балтийский завод,noExperience,[15.237],115,POINT (346763.17147178465 6646511.3574462915),33750,True,7830001910,30.11,"['16.10', '16.10.9', '24.52', '24.54', '25.29', '25.30', '25.61', '25.62', '25.99', '27.11', '28.14', '28.29', '31.09', '33.15', '35.30', '49.4', '52.10', '55.90', '56.29', '68.20', '71.1', '71.12.5', '71.12.6', '71.20', '85.30', '85.42', '86.21', '86.23', '30.11']",True
39,5022,37326989,98000,146100,2061860,panoramik,between1And3,"[1.221, 1.82, 1.536, 1.272, 1.5]",96,POINT (346680.5872640893 6648579.436956357),122050,True,9719002099,25.11,"['25.61', '25.62', '25.99', '41.20', '43.39', '43.99.5', '46.73.6', '46.90', '47.52.7', '47.52.73', '47.99', '49.41', '49.42', '71.11.1', '72.19', '77.32', '25.11']",True
41,5384,37416609,39150,128812,41144,аскон,between1And3,"[1.327, 1.82, 1.42, 1.274]",121,POINT (347109.44283279823 6649217.808618148),83981,True,7809009923,70.10.2,"['46.90', '47.41', '62.01', '62.02', '62.09', '64.20', '69.10', '69.20', '70.10.1', '70.22', '73.11', '70.10.2']",True
43,5645,37479158,37400,46320,1363143,институт авиационного приборостроения навигатор,noExperience,"[18.13, 18.245]",48,POINT (344957.22487106884 6646892.815923921),41860,True,7801004507,72.19,"['26.30.17', '26.40', '26.51.2', '46.43.2', '46.43.3', '46.51', '46.69.2', '46.69.5', '46.69.9', '47.41', '47.42', '47.43', '47.54', '70.22', '73.11', '73.20.1', '82.99', '95.21', '95.22.1', '72.19']",True
45,6921,37806708,100000,155000,2061860,panoramik,between1And3,"[1.475, 1.221]",96,POINT (346680.5872640893 6648579.436956357),127500,True,9719002099,25.11,"['25.61', '25.62', '25.99', '41.20', '43.39', '43.99.5', '46.73.6', '46.90', '47.52.7', '47.52.73', '47.99', '49.41', '49.42', '71.11.1', '72.19', '77.32', '25.11']",True
46,6946,37816597,52200,69600,560944,юмасофт,noExperience,"[1.221, 1.1, 1.9]",96,POINT (347633.8560529934 6648887.749700133),60900,True,7838356569,51.70,"['51.18.27', '52.12', '74.14', '51.70']",True
52,8048,38121934,40800,56150,65670,кронштадт,between1And3,"[26.473, 18.81, 18.373]",66,POINT (347960.3039011727 6648860.69811456),48475,True,7808035536,30.30,"['26.51', '26.51.2', '28.99.3', '30.30.1', '30.30.11', '30.30.14', '30.30.2', '30.30.3', '30.30.32', '30.30.5', '33.16', '62.01', '62.02', '63.11', '63.11.1', '68.20.2', '71.1', '71.11.1', '71.12.4', '71.12.44', '71.12.5', '71.12.6', '72.19', '77.35', '84.22', '30.30']",True
53,8100,38134698,104400,156600,4504791,инноскрипта интернешнл,between1And3,"[1.221, 1.536, 1.89, 1.5]",96,POINT (346028.37459815585 6649880.066937548),130500,True,7841087700,62.01,"['58.29', '62.02', '62.03', '62.09', '62.01']",True
55,8239,38174832,78940,130100,3127,мегафон,between1And3,"[1.27, 1.203, 1.295, 1.82, 1.221]",96,POINT (347306.87182273716 6649034.3738677995),104520,True,7812014560,61.10,"['46.51.2', '46.90', '61.20', '62.01', '62.02', '62.03', '62.09', '63.11', '63.11.1', '63.99.1', '69.10', '69.20', '70.22', '71.12.5', '71.12.51', '71.12.53', '71.12.54', '71.12.55', '72.19', '74.90.5', '61.10']",True
56,9517,38566177,37400,46320,1363143,институт авиационного приборостроения навигатор,noExperience,"[18.13, 18.245]",48,POINT (344957.22487106884 6646892.815923921),41860,True,7801004507,72.19,"['26.30.17', '26.40', '26.51.2', '46.43.2', '46.43.3', '46.51', '46.69.2', '46.69.5', '46.69.9', '47.41', '47.42', '47.43', '47.54', '70.22', '73.11', '73.20.1', '82.99', '95.21', '95.22.1', '72.19']",True
58,10268,38813736,104400,156600,4504791,инноскрипта интернешнл,between1And3,"[1.221, 1.536, 1.5]",96,POINT (346028.37459815585 6649880.066937548),130500,True,7841087700,62.01,"['58.29', '62.02', '62.03', '62.09', '62.01']",True
60,10350,38844657,87000,90000,2705449,онлайнсим,noExperience,[1.221],96,POINT (345625.4050858801 6646882.470847933),88500,True,7801304395,62.09,"['46.90', '47.19', '47.7', '47.91.2', '47.91.3', '47.91.4', '61.10.1', '61.10.9', '62.01', '62.02', '63.11', '63.11.1', '73.11', '82.99', '95.11', '62.09']",True
61,10406,38862585,60192,76825,2501,"еврохим, минерально-химическая компания",between1And3,"[18.81, 18.57, 20.325, 20.287, 20.83, 20.233]",48,POINT (346703.1408909039 6647136.653251376),68508,True,7721230290,70.10.1,"['01.61', '07.29.3', '08.12', '08.93', '10.89.9', '20.13', '20.15', '20.51', '20.59.5', '21.20', '26.51', '27.90', '30.20.9', '33.12', '33.13', '33.17', '35.11', '35.2', '35.30.5', '36.00', '38.32.5', '41.20', '42.11', '42.12', '42.13', '42.99', '43.11', '43.12.1', '43.13', '43.21', '46.11.34', '46.14', '46.19', '46.21.14', '46.75', '46.75.1', '46.76.1', '46.90', '47.30', '49.20', '49.3', '49.4', '49.41', '50.10', '50.20', '50.30', '50.40', '51.21', '52.10', '52.21.1', '52.24', '52.29', '53.20.1', '55.90', '62.0', '62.01', '62.02', '62.09', '63.1', '63.11', '63.11.1', '64.92.2', '66.2', '68.10.2', '68.10.22', '69.10', '69.20.2', '70.10.2', '70.22', '71.11', '71.11.1', '71.12.3', '71.12.42', '71.20', '71.20.1', '72.19', '73.11', '73.20.1', '74.30', '80.10', '80.20', '80.30', '81.29.9', '82.19', '82.92', '82.99', '85.30', '85.41.9', '85.42.9', '86.10', '86.90.4', '88.10', '95.1', '95.11', '70.10.1']",True
63,10547,38906769,87000,104400,1795976,университет итмо,between1And3,[1.221],96,POINT (348986.42976443644 6648116.217735379),95700,True,7813045547,85.22,"['41.20', '58.13', '58.14', '61.10.4', '61.10.9', '62.09', '71.1', '71.12.5', '71.12.6', '72.19', '72.20', '82.30', '85.21', '85.23', '85.41.9', '91.02', '85.22']",True
65,11270,39630044,163125,250000,41144,аскон,between3And6,"[1.221, 1.82]",96,POINT (347109.44283279823 6649217.808618148),206562,True,7809009923,70.10.2,"['46.90', '47.41', '62.01', '62.02', '62.09', '64.20', '69.10', '69.20', '70.10.1', '70.22', '73.11', '70.10.2']",True
67,11323,39868029,100000,150000,824009,220 вольт,between1And3,"[1.221, 1.1, 1.9]",96,POINT (347311.76796744857 6647646.29823463),125000,True,0264054954,46.69.5,"['22.2', '25.1', '25.29', '25.50', '25.61', '25.62', '25.93.1', '25.94', '25.99.29', '27.12', '27.32', '27.40', '33.14', '33.20', '43.21', '46.15.3', '46.18', '46.43', '46.69.9', '46.9', '47.25.2', '47.42', '47.59.9', '61.1', '95.22.1', '46.69.5']",True
70,11435,40232679,100000,150000,1547864,muzlab,between1And3,[1.221],96,POINT (346325.4196543973 6649269.76924727),125000,True,7718600670,70.31.12,"['22.14', '22.31', '36.30', '51.47.31', '52.45.5', '52.61.2', '52.74', '70.32.2', '70.31.12']",False
74,11880,41099265,87000,104400,1795976,университет итмо,between1And3,[1.221],96,POINT (348986.42976443644 6648116.217735379),95700,True,7813045547,85.22,"['41.20', '58.13', '58.14', '61.10.4', '61.10.9', '62.09', '71.1', '71.12.5', '71.12.6', '72.19', '72.20', '82.30', '85.21', '85.23', '85.41.9', '91.02', '85.22']",True
76,11964,41404624,87000,191400,3882315,ит,between1And3,[1.221],96,POINT (348050.3618039287 6648008.312162576),139200,True,5018139517,72.19,"['09.10', '25.61', '26.11', '26.51', '32.50', '33.20', '55.10', '56.29', '62.01', '62.02', '62.09', '63.11', '63.11.1', '71.1', '71.12.5', '71.12.6', '95.11', '72.19']",True
77,12060,41594306,80000,100000,2333907,нпо акваинж,between3And6,"[25.381, 18.81, 20.83]",49,POINT (344960.4093300617 6649759.062501787),90000,True,7801618680,71.12,"['37.00', '41.20', '43.91', '43.99', '46.69', '68.32', '71.1', '71.12.5', '71.12.6', '71.12']",True
78,12143,41780749,100000,150000,4482717,8й мост,between1And3,[1.221],96,POINT (348032.2652671984 6648203.499102384),125000,True,3906384231,62.01,"['62.02', '62.03', '62.09', '63.11.1', '62.01']",True
79,12240,42028607,69600,156600,1737940,эшелон-северо-запад,between1And3,"[1.221, 1.89]",96,POINT (347407.9225370855 6648768.85729341),113100,True,7801601694,71.20,"['26.11', '26.20', '26.40', '26.51', '33.14', '33.20', '43.2', '46.90', '47.78.9', '61.10', '62.01', '62.02', '62.09', '63.11', '63.11.1', '71.12.12', '71.12.6', '72.19', '82.99', '84.22', '85.23', '85.42', '85.42.9', '71.20']",True
81,12424,42412938,60900,104400,3920737,мк-бизнес онлайн,between1And3,[1.221],96,POINT (346849.1981600015 6646669.68254719),82650,True,3906375519,62.01,"['62.02', '62.09', '63.11', '69.10', '69.20', '70.21', '70.22', '71.12.6', '73.11', '82.99', '62.01']",True
82,12501,42563870,178688,200000,5208976,сторие рус,between3And6,"[1.221, 1.474, 1.3, 1.82]",96,POINT (346028.37459815585 6649880.066937548),189344,True,7801695029,62.01,"['62.02', '62.03', '62.09', '62.01']",True
83,12506,42574816,150000,220000,120618,etna,between3And6,[1.221],96,POINT (346710.0959673553 6647134.357936357),185000,True,5258000029,25.93.1,"['01.41', '01.42', '24.32', '25.94', '45.32', '47.11', '56.10', '56.10.1', '56.10.3', '56.29', '68.32.1', '85.11', '91.01', '25.93.1']",False
84,12607,42784911,147900,174000,120618,etna,between3And6,"[1.221, 1.273]",96,POINT (346710.0959673553 6647134.357936357),160950,True,5258000029,25.93.1,"['01.41', '01.42', '24.32', '25.94', '45.32', '47.11', '56.10', '56.10.1', '56.10.3', '56.29', '68.32.1', '85.11', '91.01', '25.93.1']",False
86,12836,43308096,100000,150000,936465,агент умный полис,between1And3,[1.221],96,POINT (347427.9447704025 6648913.752493586),125000,True,7801624934,72.19,"['62.01', '62.02', '62.09', '63.11', '63.11.1', '70.22', '73.11', '73.12', '73.20', '95.11', '72.19']",True
87,12881,43411747,60900,104400,3920737,мк-бизнес онлайн,between1And3,[1.221],96,POINT (346849.1981600015 6646669.68254719),82650,True,3906375519,62.01,"['62.02', '62.09', '63.11', '69.10', '69.20', '70.21', '70.22', '71.12.6', '73.11', '82.99', '62.01']",True
88,12898,43437993,104400,226200,3882315,ит,between1And3,[1.221],96,POINT (348050.3618039287 6648008.312162576),165300,True,5018139517,72.19,"['09.10', '25.61', '26.11', '26.51', '32.50', '33.20', '55.10', '56.29', '62.01', '62.02', '62.09', '63.11', '63.11.1', '71.1', '71.12.5', '71.12.6', '95.11', '72.19']",True
90,12944,43542880,81667,123333,14208,акваарт,between1And3,"[1.296, 1.221, 1.327]",96,POINT (346133.03303353465 6649306.629759637),102500,True,7801278547,70.22,"['62.01', '62.02', '62.09', '63.11', '63.11.1', '66.19.4', '66.2', '68.31.11', '68.31.12', '68.31.21', '68.31.22', '68.31.31', '68.31.32', '68.31.41', '68.31.42', '68.31.5', '68.32', '69.10', '69.20', '70.10.1', '70.10.2', '71.20', '73.20', '78.10', '82.99', '70.22']",True
92,12990,43695336,69600,150000,1795976,университет итмо,between1And3,[1.221],96,POINT (348986.42976443644 6648116.217735379),109800,True,7813045547,85.22,"['41.20', '58.13', '58.14', '61.10.4', '61.10.9', '62.09', '71.1', '71.12.5', '71.12.6', '72.19', '72.20', '82.30', '85.21', '85.23', '85.41.9', '91.02', '85.22']",True
93,13126,44053495,100000,150000,1547864,muzlab,between1And3,[1.221],96,POINT (346325.4196543973 6649269.76924727),125000,True,7718600670,70.31.12,"['22.14', '22.31', '36.30', '51.47.31', '52.45.5', '52.61.2', '52.74', '70.32.2', '70.31.12']",False
95,13209,44291189,100000,150000,936465,агент умный полис,between1And3,[1.221],96,POINT (347427.9447704025 6648913.752493586),125000,True,7801624934,72.19,"['62.01', '62.02', '62.09', '63.11', '63.11.1', '70.22', '73.11', '73.12', '73.20', '95.11', '72.19']",True
96,13247,44388647,60900,104400,3920737,мк-бизнес онлайн,between1And3,[1.221],96,POINT (346849.1981600015 6646669.68254719),82650,True,3906375519,62.01,"['62.02', '62.09', '63.11', '69.10', '69.20', '70.21', '70.22', '71.12.6', '73.11', '82.99', '62.01']",True
98,13310,44557849,147900,200100,120618,etna,between3And6,"[1.221, 1.273]",96,POINT (346710.0959673553 6647134.357936357),174000,True,5258000029,25.93.1,"['01.41', '01.42', '24.32', '25.94', '45.32', '47.11', '56.10', '56.10.1', '56.10.3', '56.29', '68.32.1', '85.11', '91.01', '25.93.1']",False
99,13396,44787749,100000,150000,1547864,muzlab,between1And3,[1.221],96,POINT (346325.4196543973 6649269.76924727),125000,True,7718600670,70.31.12,"['22.14', '22.31', '36.30', '51.47.31', '52.45.5', '52.61.2', '52.74', '70.32.2', '70.31.12']",False
101,13422,44868603,83675,131000,37290,ист,between1And3,"[1.221, 1.295, 1.27, 1.25]",96,POINT (346949.5375819751 6648327.569931584),107338,True,7751232706,46.69.5,"['27.12', '27.90', '33.14', '33.20', '46.15.3', '46.49', '46.69', '46.69.9', '46.90', '46.69.5']",True
102,13443,44915541,120000,123333,4734387,некстэлидженс,between1And3,"[1.221, 1.82, 14.87]",96,POINT (346895.4537814547 6647009.607498572),121667,True,7801677982,72.19,"['21.20', '26.60.4', '26.60.5', '26.60.9', '32.50', '33.13', '33.20', '46.46.2', '46.69.8', '72.19']",True
103,13445,44918871,87000,150000,4734387,некстэлидженс,between1And3,"[1.221, 1.82]",96,POINT (346895.45378145436 6647009.607498572),118500,True,7801677982,72.19,"['21.20', '26.60.4', '26.60.5', '26.60.9', '32.50', '33.13', '33.20', '46.46.2', '46.69.8', '72.19']",True
104,13447,44921691,217500,273350,1128487,дженстек,between3And6,"[1.203, 1.82, 1.474, 1.221]",96,POINT (348812.5814506777 6648091.662889923),245425,True,7838478790,62.01,,False
105,13528,45179949,100000,150000,32079,фгбоу во санкт-петербургский государственный университет,between1And3,[1.221],96,POINT (349004.466901141 6647782.792114864),125000,True,7840483155,85.22,"['18.12', '47.19', '55.10', '55.90', '56.29', '58.11', '63.11.1', '68.20.2', '69', '72.19', '72.20', '74.30', '82.19', '82.99', '85.21', '85.23', '85.41.9', '85.42.9', '86.90.9', '91.01', '93.1', '93.29.2', '93.29.9', '85.22']",True
108,13647,45470277,100000,150000,936465,агент умный полис,between1And3,[1.221],96,POINT (347427.9447704025 6648913.752493586),125000,True,7801624934,72.19,"['62.01', '62.02', '62.09', '63.11', '63.11.1', '70.22', '73.11', '73.12', '73.20', '95.11', '72.19']",True
112,13782,45763024,70000,120000,3920737,мк-бизнес онлайн,between1And3,[1.221],96,POINT (346849.1981600015 6646669.68254719),95000,True,3906375519,62.01,"['62.02', '62.09', '63.11', '69.10', '69.20', '70.21', '70.22', '71.12.6', '73.11', '82.99', '62.01']",True
113,13831,45863542,100000,150000,5272483,компания «кронштадт»,between1And3,[1.221],96,POINT (346743.3478095798 6647988.541947327),125000,True,7801314178,46.69.2,"['28.11', '28.49', '28.91', '28.92', '33.20', '41.20', '42.99', '43.29', '45.19', '45.19.1', '46.14.9', '46.69', '46.69.9', '46.71', '46.72', '46.73', '46.74', '46.75', '46.76', '46.90', '49.41', '49.41.1', '49.41.2', '50.20', '50.40', '52.10', '52.24', '52.29', '68.10', '68.10.1', '68.20', '68.31.1', '68.32', '71.11', '71.12', '71.12.5', '46.69.2']",True
115,14365,47065691,90000,120000,4734387,некстэлидженс,between1And3,"[1.221, 1.82]",96,POINT (346895.45378145436 6647009.607498572),105000,True,7801677982,72.19,"['21.20', '26.60.4', '26.60.5', '26.60.9', '32.50', '33.13', '33.20', '46.46.2', '46.69.8', '72.19']",True
116,14432,47250689,162580,233990,3491569,криптонит,between3And6,"[1.221, 1.9, 1.82, 1.1, 1.5]",96,POINT (347306.87182273716 6649034.3738677995),198285,True,7731400575,72.19.4,"['58.11', '61.20', '61.90', '62.02', '69.20', '70.22', '72.19', '74.90', '72.19.4']",True
117,14463,47347567,100000,150000,232489,арес,between1And3,[1.221],96,POINT (345535.45570812 6648905.764648776),125000,True,9723165113,69.10,,False
118,14622,47820670,70000,150000,4446721,альфа балт инжиниринг,between1And3,[1.221],96,POINT (347533.44313851313 6647988.462019225),110000,True,7813195920,27.11.1,"['25.11', '27.90', '33.14', '33.20', '43.21', '46.69', '27.11.1']",True
119,14631,47854760,174000,250000,733,ланит,between3And6,[1.221],96,POINT (347667.730008696 6648734.053070716),212000,True,7606035710,46.49,"['46.4', '64.99.1', '64.99.3', '68.10.12', '68.10.22', '68.10.23', '69.10', '70.22', '82.99', '46.49']",False
121,14726,48051842,95000,150000,231072,проектно-конструкторское бюро рио,between1And3,"[1.221, 1.82]",48,POINT (346796.44909166393 6649556.341595222),122500,True,7805069865,95.12,"['26.11', '26.20.4', '26.30', '26.30.1', '26.30.11', '26.30.12', '26.30.15', '26.30.19', '26.30.3', '26.51.2', '26.51.7', '41.20', '43.21', '62.01', '62.02', '62.09', '63.11', '68.20.2', '70.22', '71.11.1', '72.19', '82.99', '95.11', '95.12']",True
122,14763,48138724,139200,191400,1916308,sputnik8,between1And3,"[1.221, 1.9, 1.82, 1.1, 1.5]",96,POINT (348019.4055198218 6647811.996461449),165300,True,5022053904,52.21.24,,False
125,15052,48981554,70000,150000,4446721,альфа балт инжиниринг,between1And3,[1.221],96,POINT (347533.44313851313 6647988.462019225),110000,True,7813195920,27.11.1,"['25.11', '27.90', '33.14', '33.20', '43.21', '46.69', '27.11.1']",True
126,15097,49082244,174000,250000,5272483,компания «кронштадт»,between3And6,[1.221],96,POINT (346743.3478095798 6647988.541947327),212000,True,7801314178,46.69.2,"['28.11', '28.49', '28.91', '28.92', '33.20', '41.20', '42.99', '43.29', '45.19', '45.19.1', '46.14.9', '46.69', '46.69.9', '46.71', '46.72', '46.73', '46.74', '46.75', '46.76', '46.90', '49.41', '49.41.1', '49.41.2', '50.20', '50.40', '52.10', '52.24', '52.29', '68.10', '68.10.1', '68.20', '68.31.1', '68.32', '71.11', '71.12', '71.12.5', '46.69.2']",True
127,15099,49082714,156600,234900,3322378,ск-информика,between3And6,"[1.221, 1.9, 1.82, 1.1, 1.5]",96,POINT (347089.1694339065 6647743.9156810995),195750,True,4705068862,82.30,"['46.51', '46.66', '46.69.2', '46.69.5', '58.29', '62.01', '62.02', '62.02.1', '62.02.2', '62.02.4', '62.03', '62.03.1', '62.03.11', '62.03.12', '62.03.13', '62.03.19', '62.09', '63.11', '63.11.1', '63.99.1', '95.11', '82.30']",True
128,15122,49157049,121800,304500,4504791,инноскрипта интернешнл,between1And3,[1.221],96,POINT (347291.0301155384 6647691.417965516),213150,True,7841087700,62.01,"['58.29', '62.02', '62.03', '62.09', '62.01']",True
130,15330,49825245,80000,120000,3920737,мк-бизнес онлайн,between1And3,"[1.221, 1.9, 1.82, 1.1, 1.5]",96,POINT (346849.19816000183 6646669.68254719),100000,True,3906375519,62.01,"['62.02', '62.09', '63.11', '69.10', '69.20', '70.21', '70.22', '71.12.6', '73.11', '82.99', '62.01']",True
131,15790,50010642,250000,112055,3789594,плато инжиниринг,moreThan6,"[18.142, 18.568, 20.287, 20.83, 20.233]",30,POINT (346500.86952710705 6646817.363874346),181028,True,7842453163,71.11.1,"['71.12', '71.12.1', '71.12.12', '71.12.13', '71.11.1']",True
132,15967,50013018,45240,64588,1490114,нпц авиасистемы,between1And3,"[18.245, 18.13, 18.81, 18.118]",44,POINT (346489.73399536416 6647321.91487376),54914,True,7801587418,26.51.2,"['26.11', '26.12', '26.30.17', '26.40', '33.13', '46.69.5', '46.90', '47.78.1', '72.19', '82.99', '26.51.2']",True
135,16072,50014412,68940,106180,41144,аскон,between1And3,"[1.27, 1.211, 1.82, 1.89, 1.273]",113,POINT (347108.05500917335 6649232.917779252),87560,True,7809009923,70.10.2,"['46.90', '47.41', '62.01', '62.02', '62.09', '64.20', '69.10', '69.20', '70.10.1', '70.22', '73.11', '70.10.2']",True
138,16421,50017831,54810,73812,3845,морион,between3And6,"[18.81, 18.245]",49,POINT (346109.41672056564 6649499.498058495),64311,True,5905000038,26.30.11,"['18.11', '26.11', '26.11.3', '26.12', '26.30', '26.30.12', '26.30.13', '26.30.14', '26.30.15', '26.30.16', '26.30.19', '26.30.5', '33.20', '35.22', '35.30.14', '35.30.2', '35.30.3', '35.30.4', '38.31', '38.32', '38.32.3', '38.32.4', '43.11', '43.12.3', '43.21', '43.22', '43.29', '43.31', '43.33', '43.34', '43.91', '43.99', '43.99.1', '46.69.2', '46.69.5', '49.41.2', '58.13', '61.10.1', '62.01', '62.02', '62.09', '63.11', '63.11.1', '70.22', '71.20.1', '73.11', '74.90.9', '74.90.91', '74.90.92', '85.11', '86.90.4', '26.30.11']",True
139,16568,50019377,60900,110069,204049,оптэк,moreThan6,"[20.233, 18.568, 20.287, 20.83]",48,POINT (346603.85844209435 6648013.775102744),85484,True,7814003726,26.70,"['26.51', '33.13', '33.20', '46.43.4', '46.69', '62.01', '62.02', '63.11', '71.12.5', '72.19', '77.39.25', '77.39.29', '26.70']",True
140,16657,50020718,200000,250000,14208,акваарт,between3And6,"[1.221, 1.3, 1.274, 1.272, 1.5, 1.327]",104,POINT (346133.03303353465 6649306.629759637),225000,True,7801278547,70.22,"['62.01', '62.02', '62.09', '63.11', '63.11.1', '66.19.4', '66.2', '68.31.11', '68.31.12', '68.31.21', '68.31.22', '68.31.31', '68.31.32', '68.31.41', '68.31.42', '68.31.5', '68.32', '69.10', '69.20', '70.10.1', '70.10.2', '71.20', '73.20', '78.10', '82.99', '70.22']",True
142,17161,50026647,71100,106067,1306279,би си эс,between1And3,"[1.203, 1.211, 1.82, 1.295, 1.27, 29.581]",111,POINT (346532.28679384256 6648880.498389458),88583,True,7707115538,64.19,,False
143,17451,50030348,30000,70000,1441002,чу дпо межведомственный институт повышения квалификации,between1And3,"[6.309, 14.87, 17.333, 17.538, 17.149, 17.405]",70,POINT (347533.44313851313 6647988.462019225),50000,True,7801269790,85.42,"['85.23', '85.30', '85.41', '85.41.9', '85.42.9', '85.42']",False
148,17932,50037055,100000,243600,4504791,инноскрипта интернешнл,between1And3,"[1.221, 1.474]",96,POINT (347291.0301155384 6647691.417965516),171800,True,7841087700,62.01,"['58.29', '62.02', '62.03', '62.09', '62.01']",True
149,18103,50038698,100000,58160,2418044,массивбург,noExperience,"[18.568, 17.443, 18.143, 18.13]",48,POINT (347848.7705118064 6647297.925160871),79080,True,7811612254,43.39,"['31.01', '31.02', '31.03', '31.09', '41.20', '42.11', '42.91', '42.99', '43.11', '43.12.3', '43.13', '43.21', '43.22', '43.29', '43.31', '43.32', '43.33', '43.34', '43.91', '43.99', '43.99.1', '46.47', '47.59', '69.20', '43.39']",False
150,18315,50040881,50000,90000,1379384,евразийская технологическая группа,moreThan6,"[18.568, 18.81, 18.245, 29.517]",111,POINT (346890.65170744003 6648847.5666163545),70000,True,7801530010,71.12.12,"['26.20', '26.51', '27.90', '32.99', '33.12', '41.2', '41.20', '43.2', '43.21', '43.3', '46.14', '46.3', '46.9', '46.90', '47.2', '47.7', '52.10', '52.24', '52.29', '71.12', '71.12.1', '71.12.45', '71.20', '72.19', '82.99', '71.12.12']",True
152,18517,50043109,41938,62612,1363143,институт авиационного приборостроения навигатор,noExperience,"[20.233, 18.568, 20.287, 20.83]",48,POINT (344957.22487106884 6646892.815923921),52275,True,7801004507,72.19,"['26.30.17', '26.40', '26.51.2', '46.43.2', '46.43.3', '46.51', '46.69.2', '46.69.5', '46.69.9', '47.41', '47.42', '47.43', '47.54', '70.22', '73.11', '73.20.1', '82.99', '95.21', '95.22.1', '72.19']",True
153,18549,50043621,100000,170000,3695207,рябиченко сергей васильевич,between1And3,[1.221],96,POINT (346468.29884409625 6649684.919698365),135000,True,780434651510,74.10,,False
158,18777,50047317,54964,69150,5272483,компания «кронштадт»,between1And3,"[18.81, 18.13, 18.142, 18.568, 18.245]",48,POINT (346743.34780957946 6647988.541947327),62057,True,7801314178,46.69.2,"['28.11', '28.49', '28.91', '28.92', '33.20', '41.20', '42.99', '43.29', '45.19', '45.19.1', '46.14.9', '46.69', '46.69.9', '46.71', '46.72', '46.73', '46.74', '46.75', '46.76', '46.90', '49.41', '49.41.1', '49.41.2', '50.20', '50.40', '52.10', '52.24', '52.29', '68.10', '68.10.1', '68.20', '68.31.1', '68.32', '71.11', '71.12', '71.12.5', '46.69.2']",True
159,18820,50048227,100000,150000,5272483,компания «кронштадт»,between1And3,[1.221],116,POINT (346743.3478095798 6647988.541947327),125000,True,7801314178,46.69.2,"['28.11', '28.49', '28.91', '28.92', '33.20', '41.20', '42.99', '43.29', '45.19', '45.19.1', '46.14.9', '46.69', '46.69.9', '46.71', '46.72', '46.73', '46.74', '46.75', '46.76', '46.90', '49.41', '49.41.1', '49.41.2', '50.20', '50.40', '52.10', '52.24', '52.29', '68.10', '68.10.1', '68.20', '68.31.1', '68.32', '71.11', '71.12', '71.12.5', '46.69.2']",True
161,18864,50050845,95700,201950,2509911,вэктис минералз,between3And6,"[1.221, 10.8, 1.274, 1.82]",48,POINT (347088.60692586994 6647742.489533505),148825,True,7801616644,71.12.12,"['26.51.5', '27.12', '28.22.7', '28.29.6', '28.41', '28.91', '28.92', '28.93', '28.95', '28.99.9', '33.14', '33.20', '43.21', '43.22', '43.29', '46.14', '46.19', '46.43', '46.49', '46.51', '46.62', '46.63', '46.66', '46.69', '46.75', '46.76', '46.90', '52.10', '62.01', '62.02', '62.03', '63.11', '63.11.1', '71.11', '71.12', '71.12.1', '71.12.2', '71.12.5', '71.12.6', '72.19', '85.42.9', '71.12.12']",True
162,19082,50056729,180000,150000,41144,аскон,between1And3,[1.221],96,POINT (347108.05500917335 6649232.917779252),165000,True,7809009923,70.10.2,"['46.90', '47.41', '62.01', '62.02', '62.09', '64.20', '69.10', '69.20', '70.10.1', '70.22', '73.11', '70.10.2']",True
163,19293,50059510,80000,90000,5293675,консалт проект,moreThan6,"[20.233, 18.568, 20.287, 20.83]",47,POINT (346584.7519967789 6647517.078659582),85000,True,9722008220,70.22,"['62.01', '62.02', '62.02.1', '63.99.1', '82.11', '82.30', '70.22']",True
164,19517,50062727,59160,80000,5626151,эксперимент,between3And6,"[18.488, 18.299, 18.3, 18.298, 18.297]",49,POINT (346028.90015421645 6649880.602506278),69580,True,7718824504,26.51,"['26.51.1', '26.70', '26.70.1', '26.70.4', '26.70.5', '26.70.6', '29.10', '29.20', '30.40', '30.99', '41.20', '43.21', '43.99.5', '45.20', '45.20.1', '45.20.2', '45.20.4', '46.19', '46.69', '46.90', '47.9', '52.24', '52.29', '62.01', '71.12', '71.12.4', '71.12.41', '71.12.42', '71.12.43', '71.12.44', '71.12.45', '71.12.9', '71.20', '71.20.9', '72.19', '82.99', '26.51']",True
166,20043,50069787,42750,68520,3127,мегафон,noExperience,"[1.295, 1.82, 25.381, 29.581, 25.386]",111,POINT (347354.2291866925 6647688.249740892),55635,True,7812014560,61.10,"['46.51.2', '46.90', '61.20', '62.01', '62.02', '62.03', '62.09', '63.11', '63.11.1', '63.99.1', '69.10', '69.20', '70.22', '71.12.5', '71.12.51', '71.12.53', '71.12.54', '71.12.55', '72.19', '74.90.5', '61.10']",True
169,20589,50076988,59160,86280,3913951,горный инструмент,between3And6,"[18.488, 18.299, 18.3, 18.298, 18.297]",49,POINT (346290.85649833747 6647266.940984977),72720,True,4221001049,28.92,"['25.73', '33.12', '46.72.21', '46.90', '56.29', '72.19', '28.92']",True
170,20781,50079539,30000,50000,590237,нпп марс-энерго,between3And6,"[1.295, 1.82, 25.381, 29.581, 25.386]",111,POINT (346293.97962443804 6646109.047064484),40000,True,7826694683,26.51.4,"['26.51.6', '26.51.7', '33.13', '33.14', '33.20', '72.19', '26.51.4']",True
171,20784,50079566,72075,82250,590237,нпп марс-энерго,between3And6,"[20.233, 18.568, 20.287, 20.83]",48,POINT (347880.53941853857 6647288.144198137),77162,True,7826694683,26.51.4,"['26.51.6', '26.51.7', '33.13', '33.14', '33.20', '72.19', '26.51.4']",True
172,20808,50079769,72075,82250,590237,нпп марс-энерго,between3And6,"[20.233, 18.568, 20.287, 20.83]",48,POINT (346293.9796244381 6646109.047064486),77162,True,7826694683,26.51.4,"['26.51.6', '26.51.7', '33.13', '33.14', '33.20', '72.19', '26.51.4']",True
174,22364,50101804,80000,162170,2600303,союз лур,between3And6,"[1.475, 1.221, 3.48, 3.64, 11.62]",34,POINT (347786.6384689859 6648852.240382315),121085,True,7813440547,46.37,"['10.82', '10.83', '45.20.1', '46.13.1', '46.13.2', '46.31', '46.31.11', '46.32', '46.32.3', '46.33', '46.34', '46.35', '46.36', '46.38', '46.39', '46.41', '46.41.2', '46.42', '46.43', '46.44', '46.45', '46.46', '46.49', '46.73.1', '46.73.2', '46.73.3', '46.73.4', '46.73.5', '46.73.6', '46.90', '47.99', '47.99.2', '52.29', '68.20.2', '70.22', '46.37']",False
175,22397,50102163,148605,227590,1363143,институт авиационного приборостроения навигатор,between3And6,"[1.221, 1.327, 1.25, 1.272, 1.5]",10,POINT (344957.22487106884 6646892.815923921),188098,True,7801004507,72.19,"['26.30.17', '26.40', '26.51.2', '46.43.2', '46.43.3', '46.51', '46.69.2', '46.69.5', '46.69.9', '47.41', '47.42', '47.43', '47.54', '70.22', '73.11', '73.20.1', '82.99', '95.21', '95.22.1', '72.19']",True
176,22400,50102179,60000,72500,1363143,институт авиационного приборостроения навигатор,between1And3,"[20.233, 18.568, 20.287, 20.83]",48,POINT (344957.22487106884 6646892.815923921),66250,True,7801004507,72.19,"['26.30.17', '26.40', '26.51.2', '46.43.2', '46.43.3', '46.51', '46.69.2', '46.69.5', '46.69.9', '47.41', '47.42', '47.43', '47.54', '70.22', '73.11', '73.20.1', '82.99', '95.21', '95.22.1', '72.19']",True
177,22727,50106347,162580,233990,2627417,fmedia,between3And6,"[1.221, 1.9, 1.82, 1.1, 1.5]",96,POINT (347252.3539968526 6647607.054631396),198285,True,5753062284,73.11,"['18.12', '58.13', '59.11', '60.10', '60.20', '73.11']",False
178,23285,50113828,40000,50000,995637,кадровый советник,between1And3,"[1.359, 26.449, 18.245, 18.36, 26.414]",111,POINT (347708.72547211556 6648789.670421771),45000,True,1841021635,69,"['78.1', '85.23', '85.42.9', '69']",False
179,23297,50113935,60000,72500,1363143,институт авиационного приборостроения навигатор,between1And3,"[20.233, 18.568, 20.287, 20.83]",48,POINT (344957.22487106884 6646892.815923921),66250,True,7801004507,72.19,"['26.30.17', '26.40', '26.51.2', '46.43.2', '46.43.3', '46.51', '46.69.2', '46.69.5', '46.69.9', '47.41', '47.42', '47.43', '47.54', '70.22', '73.11', '73.20.1', '82.99', '95.21', '95.22.1', '72.19']",True
180,23303,50114053,154625,224000,2627417,fmedia,between3And6,"[1.221, 1.25]",96,POINT (347252.3539968526 6647607.054631396),189312,True,5753062284,73.11,"['18.12', '58.13', '59.11', '60.10', '60.20', '73.11']",False
182,23504,50116089,80000,123333,2061860,panoramik,between1And3,"[1.475, 11.62, 1.221]",25,POINT (346680.587264089 6648579.436956357),101667,True,9719002099,25.11,"['25.61', '25.62', '25.99', '41.20', '43.39', '43.99.5', '46.73.6', '46.90', '47.52.7', '47.52.73', '47.99', '49.41', '49.42', '71.11.1', '72.19', '77.32', '25.11']",True
183,23508,50116119,69600,107582,1306279,би си эс,between1And3,"[1.272, 1.274, 1.82, 20.7, 20.83, 20.233]",48,POINT (346532.28679384256 6648880.498389458),88591,True,7707115538,64.19,,False
186,24520,50133772,70000,70000,5229446,джи эр,between1And3,"[1.82, 18.142, 29.553, 29.162]",86,POINT (346934.7463636596 6648868.3727773195),70000,True,7713009288,47.99.5,,False
187,24549,50134046,60000,90000,119908,"алмаз, судостроительная фирма",between3And6,"[1.82, 18.142, 29.162, 29.511, 29.553]",128,POINT (346834.64725288504 6649539.083993251),75000,True,7813046950,30.11,"['30.12', '31.01', '31.09', '33.15', '46.69.1', '47.64', '50.10', '50.20', '50.20.3', '50.20.42', '50.30', '50.30.2', '50.40', '50.40.2', '52.22', '52.22.1', '52.22.2', '71.12', '73.11', '73.20.1', '82.99', '30.11']",True
